Vibration_Frequency_Hz,Stress_Level_MPa,Crack_Length_mm,Displacement_mm,Temperature_C,Damage_Level
43.708610696262625,364.17277130888533,9.256646441930982,5.238909672848559,0.9364546988724776,2
95.56428757689245,291.2433648548542,27.095047368917907,4.8439005885343365,-0.24169607424001427,2
75.87945476302646,189.28742732884749,43.647291793820415,0.35385645148371336,52.50036644168293,1
63.8792635777333,416.2077588681269,36.61124432047806,3.478353493498948,-0.036304012039511946,3
24.041677639819287,358.1290276492457,40.328057393072484,3.863936625979985,1.7559780902904798,0
24.03950683025824,123.17762270520109,32.93916833553587,4.048345530879315,40.7518609934371,0
15.227525095137953,459.9172330222291,34.613828225892625,5.843706455350589,15.979187396043201,2
87.95585311974416,420.14175931542604,42.459782578265965,5.3826652125960965,42.136844556414495,1
64.1003510568888,477.4099609813658,12.483400442959297,6.118260418655102,-14.77070739484918,2
73.7265320016441,376.573778774762,24.471248182157023,7.67234428926707,19.005695493870746,2
11.85260448662222,326.03683817110544,11.060472090980111,8.148558813289325,-17.31091198533739,0
97.29188669457949,238.2093663307785,49.38340039983235,7.209418454642295,-14.987743723571638,2
84.91983767203796,469.72781750930596,47.202966984330665,9.559684589953854,52.514996267552874,1
29.110519961044854,439.72875027518376,1.971340568425295,0.28050256849598015,-8.860370310592387,1
26.364247048639054,70.34840154778523,35.27875862578442,2.0382020582671063,22.593654582017365,1
26.506405886809045,61.865138523763406,46.26241587078329,0.17487246228360698,12.887648208056525,3
37.381801866358394,219.4085150951223,9.028767256366677,6.509999670130569,7.787466100707412,0
57.228078846901404,414.7489988518248,28.397261527631475,8.99050243460487,51.9866676549818,1
48.87505167779042,494.274258191725,45.774414879402094,2.5104747361053628,-18.25412825796084,1
36.21062261782377,117.68760099658768,1.697298929289942,9.277641993483435,33.10317489404713,2
65.06676052501416,317.3588219084608,34.871013362342,0.6966471638666524,57.07155473708403,1
22.554447458683764,221.40088548395968,14.867450368627539,9.35091666537459,24.81345467694736,0
36.29301836816963,486.46147901657145,46.21980976882652,3.581064603672381,54.94579696264735,0
42.97256589643225,428.9535154110689,48.552912258268385,1.1040662016472436,-15.819369657118099,0
51.046298579533236,427.247917120012,47.213324455671696,4.910130415944623,13.50346552593291,2
80.66583652537122,260.91192190773666,23.71071083287319,2.642088020433029,0.8126232769640929,0
27.970640394252378,236.66877605194932,43.10213254946567,2.920241729423036,38.46567719845838,0
56.28109945722505,173.0331823688178,42.22746992675352,3.142170652770237,58.503767239779734,3
63.31731119758382,75.3689734929172,15.955023662162782,8.049956388543368,0.5224049955398229,0
14.180537144799796,439.12506931477395,41.44577370753387,5.437696639085019,32.333968117925956,3
64.67903667112945,415.8054541085349,1.850381735774631,3.1819462216444365,-4.15218937922079,1
25.347171131856236,499.87295297875875,29.81349392410265,6.142304454778092,25.226420365728792,2
15.854643368675156,498.4865766832574,11.500441864385152,7.189891674809616,17.114598935066894,0
95.39969835279999,299.9442675211824,6.0283442888639405,2.7989776072619845,57.760426370522964,0
96.90688297671034,396.0443368312297,3.847660081460458,4.19413610510098,28.68218181571733,2
82.7557613304815,475.1445784470926,34.81443879390699,1.306672324035781,7.960509766945503,2
37.41523922560336,432.34132580483515,16.993748188403305,1.8933785603933353,-10.87233720896533,2
18.79049026057455,161.30664578443896,36.238338576438075,6.843066754253329,-7.900253701205235,0
71.58097238609412,252.74486088954208,3.2678170399471185,1.896239642186707,-1.9746456039011946,2
49.61372443656412,108.12173681817274,15.764516891530517,5.299117498303896,0.07733290722384112,2
20.983441136030095,479.32296226642507,26.974564618766863,7.119557991052083,48.04928462729103,1
54.56592191001432,322.778585502896,39.53615824194818,1.1580815386379641,24.897823062601994,2
13.094966900369656,152.88926247655823,15.937625146603496,5.716390974326145,21.87127290994931,2
91.83883618709038,352.26530798263553,31.294568821850454,2.6399715586435013,-10.818490250462602,1
33.290198344001524,328.15770820605314,44.29888741180935,9.63297606485204,48.8111754679548,0
69.62700559185838,211.17322311477824,30.79315940911523,4.887101902527254,37.8251442566787,1
38.053996848046985,101.10091648983305,11.647973737681689,8.079326242774066,-14.586531047999873,0
56.80612190600297,352.20793801675984,1.220039077826901,5.547242767346991,36.62680777838149,1
59.203925140895166,284.138465406707,43.50494369504649,0.5297840752627098,23.483057387411684,1
26.636900997297435,397.5432762810377,1.063470542519357,6.368198618380821,-13.46197234025774,0
97.26261649881027,284.07357550039706,43.73508363420997,9.518893087845905,16.664051322292515,0
79.76195410250031,433.48167514334307,26.4468567013606,6.0559570194486785,18.775702970403756,0
94.55490474077702,298.3580774485185,46.95338492564481,8.209969708325223,-6.73803678693794,2
90.5344615384884,302.42208719092383,39.93916178868327,8.853643987149237,55.655851760022585,3
63.810998092997664,444.49412119625526,49.89670552666687,2.3579897422944316,47.998029718452955,0
92.96868115208052,231.56728979557866,17.535590772585508,2.199243915091444,33.521786986328664,3
17.964325184672756,110.30685280278833,38.35941444655634,6.148711789624818,16.983644880048573,1
27.638457617723066,62.95220434100254,20.096545680462107,4.1691818510863765,12.941243326760684,0
14.070456001948425,389.81176505312857,23.99378101519544,8.414626898380531,32.07787737207633,0
39.27972976869379,329.1392981090591,31.375273160918503,9.01022892164031,23.634549552552436,1
44.98095607205338,366.83589564465063,43.68385570931694,3.5988716550969095,-15.01815152944915,2
34.42141285965063,145.83387267900983,49.20417345996476,2.4450185338473727,21.000211901626535,2
84.58637582367363,111.3671640140464,38.41367069322591,7.827202600914232,44.51228937862716,0
42.10779940242303,56.545099550546865,20.888339108366687,2.8205797519265476,16.739190207756643,0
35.28410587186427,207.76440146296864,21.06785011385351,8.243881753285416,-15.843473795658527,1
58.84264748424236,315.4629590845849,36.879115079444574,4.295008711122752,42.90225595072265,0
22.683180247728636,226.50982029487955,11.938857288415116,6.708744002985558,-3.890897429122049,0
82.19772826786357,246.86371491067808,5.523705656569733,1.045799606963215,0.689666791043102,0
16.709557931179376,456.8714125221868,17.731107882038827,6.276207314298072,-6.8234917254163285,2
98.81982429404655,206.71496016048516,14.361949582704087,4.572500019498568,6.417205189719802,3
79.50202923669917,281.2952701219149,14.815406022799504,5.907423785437193,40.5401204550908,1
27.884411338075516,402.6438557335144,11.680387552495496,1.763340656674148,21.550868760314984,3
10.496990541124216,228.44425204457158,2.104659481818094,7.395050074947403,-3.6094980679429938,0
83.39152856093507,329.93901510254307,0.8936967366706905,8.641691067677963,50.22640625216327,1
73.61716094628554,438.06366893603536,49.386119486801576,2.2457240208986793,50.36654839612234,0
75.61064512368885,477.28428064593896,21.388656686793116,1.0475740996496012,49.64627400368056,1
79.41433120173512,116.18306641806707,19.216332357984083,0.3340220018587303,-0.8963030894768593,3
16.664018656068134,466.96443132267245,33.982364134653494,6.455517854388333,16.099147534479044,1
42.261915568984534,271.4523318857922,10.912694393253208,6.1102309572789295,58.79917249127001,0
20.428215357261674,166.20997473453127,47.49805919751127,5.512304385869293,41.76099810479923,1
87.67930832880342,256.6110903072176,39.3172507207776,2.396276251548157,-17.826606301955216,0
66.09683141448022,491.0146588784647,4.470550115612975,3.9699693594645953,-14.783632699160636,2
39.78082223673843,271.6781422967913,20.87903878924642,5.985315718343113,17.114510144986625,1
15.720251525742128,197.9382246293787,43.95591537810824,5.017991902705777,52.73761646892481,1
37.9884089544096,335.0303844425266,47.23660111457051,9.879076650127384,23.096143836217138,1
39.266498982407235,158.0655284501869,23.370075562493486,1.4507535503116582,19.82500064274322,1
75.66455605042577,84.13849764889876,30.670569460535386,6.981931085071178,-11.562104003469553,0
67.38017242196918,107.99587485979215,8.35169730460376,4.102755804232491,32.542408377943524,1
89.84914683186939,107.6206275309976,49.558431306848824,4.339176187763586,45.76825284801804,0
52.49934326457544,118.35621208053246,11.58358506917217,7.204217880015944,10.433600600604986,2
20.763482134447152,112.47222769223455,47.136588706756285,6.95511789811126,42.0489480740262,2
74.19203085006956,338.3936351614466,32.482332449618426,9.913434337651664,57.158132312064936,2
78.47065437552077,131.84603797961518,30.386839743942957,1.3711034655958398,-3.6986832697848726,1
60.51494778125466,205.55027749573844,25.63442555082543,1.130685528903247,21.866370495579304,1
79.38704619591049,453.5547844577053,11.533490585887934,7.270954289574537,2.971036646766045,0
54.44160367279517,263.28273811829257,8.826401600275414,5.82603047836345,43.42835352270715,2
57.045954644379464,350.40098233446224,11.024310453508768,2.814190598942078,26.207469270492602,0
48.47869165226947,127.54394204073343,9.321913107212726,0.8862517529909674,30.7665934040243,1
12.287721406968567,136.53005846390187,38.97922367833767,0.9480166710046624,43.83313276927153,0
19.7102284293974,68.39087731991549,17.506262958336507,8.952489659174772,11.677637812996391,0
12.828626711806082,126.02077838247405,2.8921338281698183,1.999486514715555,53.20720547256346,1
67.27693701374024,175.36565256438138,48.45513150704057,3.3013784649436557,22.6423093796912,0
38.2920382968694,129.65471792453607,44.18929424817129,2.3438983820471817,-7.363614173172159,2
55.77136220482325,89.91614019067502,46.387614159760645,3.6144634277361796,35.6719294535042,0
91.68098265334837,104.28614199527036,49.745391132321764,0.7872960431863243,43.460908035060356,0
32.43630062339874,257.3504456147266,8.694762460974365,5.238691929991877,5.340934165402132,1
46.93446307320668,142.85017328260665,19.812100945132936,0.7693643795629276,48.574340559900236,0
77.99960246887439,213.92143747163396,37.911923785204564,8.02352942744138,52.491460381261305,0
30.59183489424602,276.5377718846856,34.80103090268961,2.413749610913287,2.1523589902247124,2
16.92819188459137,360.67767288321437,7.694795316992753,5.446117954584655,58.68171781721776,0
36.077630762239124,67.69046292849453,40.79165624953089,8.812782966858437,-8.743077756099327,2
24.5099158528604,409.73467950906917,11.222028591833034,6.5436859535672225,-3.838746527800801,0
93.67278871083158,332.5551752709085,11.190880741131155,5.376282086858219,-5.26201286095791,0
82.73083416079753,86.79156437699235,26.84872114467068,3.3109041558422185,51.51917680062964,2
67.00633808593811,443.1103808480498,29.646996742085157,3.39671893927616,32.343404185996945,0
88.43145311689459,464.3925802393159,29.00431039189056,6.727920856462082,-7.83165734221817,0
82.33048692092031,77.48508193468868,4.574341869887744,9.94197967608956,15.22587346946792,0
26.791305299743225,174.59494166624168,43.87304313151902,6.652207979508848,29.22384200558416,0
90.330309864098,412.7905759068776,13.280002129435303,5.622055831963246,-13.322873200849337,2
58.540801772408564,386.71686067264625,6.475746064140209,7.3334400513685365,50.593309472587094,0
82.66961396476563,133.0344587103698,44.43740399344886,4.7055355616088095,44.28828283532282,2
90.64821699311439,144.20719550151964,47.78257491148767,0.6954091917477736,20.416541886131057,2
38.62031274746775,216.7124462561219,43.106380863272534,5.6667384771913065,57.37012922073363,1
19.90467320749091,268.0353433359596,40.475803736243904,9.580490316603264,13.420878342007974,3
30.51416462877475,328.2146471886332,32.76209903195109,1.8354991293408307,58.72882552291982,0
48.43970097636307,216.01113780639758,27.542868530456964,6.931048419124591,33.43359990429016,3
83.62132893302439,258.14062225991654,4.349337995570507,2.0892435177246593,30.773701860315313,0
87.46575249307091,386.36192216019043,20.422660653534937,5.404694076283504,-6.7236083763372,1
10.625691747807164,66.50744130076906,18.6344258506157,1.0570968515025243,50.55422066437151,1
55.967257231980916,163.59662495480933,12.98768918801631,4.558672268956033,14.199175033649212,0
47.56699028339011,371.0073136480486,36.17100568442925,7.586016956062936,-7.0213275374016515,1
29.98970294236572,452.8430769592397,24.79378675393854,3.540958089965923,-18.99139840193928,2
20.787883060031454,280.25484895204977,4.052310795382397,6.682626072423458,24.780454691070602,0
40.385365426326516,289.45106836939203,11.009160097490566,7.974954611818319,22.191969769814108,0
94.86187335212672,98.22740510289923,34.162938182979794,9.279060412846581,37.54828978953269,2
39.088263881867974,251.3355650705546,3.8065429745150094,2.42295661036899,51.22064424142417,1
56.691155956902946,289.67776990476045,42.56034570243843,4.053227566512151,-13.647473228557638,3
73.27170630056601,159.11172663562834,24.757326350698715,1.6089185319711328,38.51971922722899,2
42.726664214136456,171.15945392722142,24.0293288663324,9.925586671367915,-5.007044472193423,3
97.46038744488646,219.77787339708019,29.62038923297588,9.277309582450524,48.65416425257311,2
96.62025654479001,59.03203899997686,41.234048296257455,5.4455755897775395,45.52508110893248,0
32.66040662428277,194.93562451243022,17.390460395109653,8.436129614326571,23.263500398843547,0
54.75236553031469,145.15160314844508,33.90080762795318,5.257483974993217,36.81942388986492,2
37.07904788350927,197.3738084800616,28.28659819978955,6.273498311227321,5.14800905469987,1
35.63564449397208,103.89295931866305,13.351413508471065,0.9823318779485645,17.693431914625172,0
13.319825261907951,450.7372763329527,43.9314993177579,7.577177162918399,45.73095181683773,0
64.86079005819072,317.1166040993219,39.871301080346406,1.364363487988825,16.741215773857114,3
55.24111209059753,355.59604361502033,32.922591732921276,8.27806953950003,8.623861226035345,1
14.633087612499041,405.12705737330225,42.52908645471209,7.8420780679368205,19.536995780023993,1
35.07818178129503,274.2989895180758,43.364710047990116,7.116572507655467,46.259940194977474,1
91.74392973699884,89.11412963934066,35.41814883575174,0.457987767195145,6.816643789669818,0
31.560570160027517,291.6979438183465,41.8506664181836,3.1009707238587536,-6.099072549140496,0
23.04053848821008,314.0785031093956,34.87357308346418,2.7048144421173443,36.96112162646246,0
54.05074842498067,385.4477633829485,34.00703858801502,3.6653504339680394,46.078257016646546,0
98.70854086995406,244.24679580335572,30.930568910759217,0.9676631929620015,-11.949001718117334,2
31.784974436035036,107.4111362580037,37.63583197788206,9.375882448007522,-0.8100709795244221,1
70.49219926652907,177.699157609426,7.930255264653685,5.582642183052525,-8.642240819120488,2
78.54576537958458,213.3870333793858,44.04353795994642,3.1246906755144335,7.83531292657333,2
31.38737895931597,340.6627585992205,43.5921763872616,4.030117019035406,16.02807831243301,0
75.53947137506736,306.85023710101035,1.4623641517279573,4.527305150997873,39.906106957064516,1
43.10048194473279,210.2435266540308,41.290837528238136,6.045883900270111,32.09180679053393,1
66.90752475342215,493.93186195684086,6.4434933736722595,5.205226334195328,29.674285398274492,2
67.01767396848052,322.5986687105992,16.755942712957093,9.20198053482273,8.189995728772352,0
58.21972156672826,156.7520562811975,37.17541281458039,5.01993848076772,47.3158042467808,1
18.12607930489675,95.80211267918168,8.03799480241541,9.922364346750795,17.702973391853163,1
85.17722460303142,118.78661263294941,40.89835120595311,8.529107081676448,58.32839504121236,0
38.870205847456226,160.68097777302864,41.606708897887096,2.1642540921376248,30.731371063658948,0
26.786665935986882,122.30661796680005,25.373386688041812,9.31289262497477,-9.898820674839781,1
13.669762739928753,133.9551608230876,0.319293585841679,1.2520273390662133,34.094204966034724,2
63.18036488694176,178.2928259122312,14.351906658745639,8.192752114062797,6.00832123453592,0
70.98079256580542,128.01811788263967,30.84634591878711,3.868170605418143,34.906175734887796,1
11.492904603507053,453.5444410818913,49.059308901371175,8.791945772406189,-14.42870814700754,0
56.088375246935286,86.10518554773898,31.59067635083342,8.693761232063759,-6.009485025923249,2
30.384619767814417,286.0301253066146,12.99017905320799,8.07866146116445,48.4589807124629,0
68.06555113685049,234.6785721453477,31.700285154980566,7.921301319439908,-1.825635438118809,2
25.69297861044923,492.0703776088729,26.999268985792774,3.116323477070604,46.963290019435206,0
72.18439642922193,100.41750597562356,38.99226975755718,0.9011009022073966,2.3420870763528328,0
44.806181167048365,229.03501957058373,5.349031941347921,4.089503769775098,31.43055280469661,0
94.30569898630611,486.261694973916,38.0513951251014,1.817892698366436,35.532045880786484,0
22.376884973139394,439.47820665229114,27.063328933805515,6.980015780134371,21.012380251604235,1
40.695971594523265,417.68243192717597,48.149600192949734,3.526387292724077,4.424854135738503,0
20.212616911653015,166.05627217022294,17.093608301934303,9.758540988513158,-2.9884498903123102,2
93.22242564507064,126.89941432552962,31.631094656697407,6.445623565718787,-17.344851635005902,0
88.9605418042883,350.88944896599395,46.60140527550087,8.242557579980174,4.3157120992579046,0
33.21474649436401,468.2191951074136,5.125486399533963,1.4119942601442996,32.25302324250264,0
69.39856414307611,300.5433018562684,46.86142436182256,8.633943374498964,55.06438547587861,0
83.54999801810942,307.22571026145494,34.394286115040664,9.235296186082603,49.696358581044166,0
59.96807304395161,175.99059214712787,3.391852955258595,4.921912996307465,41.28518212282421,1
57.66855205204058,396.2718199363716,15.048178347340812,6.101904083734676,43.075787460263896,1
31.76670618104065,134.1696868508855,35.40860443226408,7.671617028939655,33.19879227807962,1
18.379249102530927,195.65565638190967,3.367530073438585,1.8309024098780844,0.8229486052802386,1
90.74941821579941,241.44639737738754,29.108523008813663,5.07540415698808,52.575602456466385,1
91.03762514469975,278.4246704080048,17.294152847647837,4.0467639749458995,33.658584952466725,0
66.97913115459411,159.0843795867861,31.045775888373857,1.5491025224062664,24.8352504784352,1
40.51268119438306,101.67657113264158,2.2871016906256427,3.7385907806861614,-11.120842462921514,3
41.428861715139476,324.7790190987347,43.576840307618816,0.7749058629163863,15.764443504514034,1
75.33601109832155,179.8837489581151,48.67444845886985,0.35553787879992116,16.8286616961541,1
90.73992339573194,311.5571996401755,48.44389276428458,1.4381462626327455,49.16508876181359,0
89.83777818386056,119.46322187339103,37.48259158714624,9.634839604732822,23.731857615023074,2
80.18879912718614,266.5130458346679,6.504312006531599,5.540342405360668,10.432043917632772,2
67.78284815388591,289.6652446482136,37.913159796451126,9.661639395416877,58.14402628085274,1
17.572596849554394,73.3205915700921,1.2293458229400755,4.381728995468307,-11.142352533894746,3
24.54658426851524,201.47192518726425,1.1061775764498627,3.18697971754407,13.803874264955567,0
90.86987696743714,110.48660462253841,16.18051095747706,5.1108044421184164,-16.638025986287577,0
64.57861536936309,78.5187367127455,24.432159520233288,4.45116571746581,39.19232966135443,2
10.827734645496669,495.4821045754754,38.52037089038966,1.1460803741912649,53.446124175932056,2
19.132438857942887,195.05923023862533,34.16476883032526,6.444180515433041,2.4029863640391547,0
69.71515921972502,414.4435006345857,22.295135318837417,2.2387780068450365,48.667334143929665,0
10.455542546159682,164.58829464369373,13.681333314083293,6.233920753488513,3.3774584369518195,0
24.472724627574877,356.67622500076817,49.856225007885556,6.536990814741718,52.86161293151322,0
59.38604104299275,392.10253695035897,21.30906511179865,1.6050460459736164,40.316952287742716,2
72.27056779234239,318.0374332735299,22.569351216483774,0.7073613083956147,44.39254214731508,1
68.67651335523405,262.20928484757127,8.181191059583458,7.829539702077554,-18.55947555196364,0
30.18423785145038,235.32841136627084,39.740477437496466,4.65202419531627,57.02482856592208,0
74.09612992127823,206.9907199443479,34.68411128907443,0.6758215755042103,38.13367936562586,0
31.352417874712007,468.28811491152163,11.03848063943802,9.949176539980694,4.380087630890664,0
39.285972834334096,423.7787335044781,4.119052280792134,0.6720275538640297,46.35157318870776,1
77.18422646062217,484.26210979993067,34.02496510373565,6.980848765699676,2.521695873194396,3
68.46696091424931,105.93375056849513,32.72556071405676,9.838421360107795,49.82030716529023,2
86.43010694447601,378.8903638416399,13.662976349910466,2.4678830317376637,-10.993568767045039,0
69.18516030703091,472.253205569467,47.543178112520515,1.5082687500032423,36.294878196863664,2
61.147774300192445,131.55487977454706,7.552894589045012,1.3017109002820462,23.255878131592823,2
18.430729104528325,79.92332031504986,21.616740052130094,3.102423960919196,-12.277242384364735,2
43.09442227534902,383.5042921805266,47.18079600837994,1.1003535290054023,-0.6484937392928813,1
33.86821309135529,308.51290093096037,20.986365846306114,6.952397282771906,-19.007677097814817,0
31.95906790411752,428.82294954122244,31.92629738320428,0.7166888014876206,17.501437237160467,0
97.57094992772011,112.89756948183027,19.879719898139715,5.143279068682918,4.10122086080003,0
45.378795220008435,407.8702903369506,13.710760117433502,9.96729885314447,27.868598743820705,0
90.2841899659402,140.73229402148502,49.19888239799141,8.158305668109586,3.7790246166893766,0
66.80247633975367,123.64517428956702,20.46670031575215,6.190672438487008,3.9935289205587736,1
81.53301731874836,123.91960906894683,44.70496018395672,3.1319108457874556,39.45545589852827,2
55.23733837946729,416.558624104122,11.497730294554309,6.276568779287221,-16.148573121731722,1
61.92134961637232,349.33874931329007,10.655235201254165,5.317710492725351,52.231599615358974,0
54.32659244369775,285.37944114610366,1.556704144225568,4.318225500514678,48.181109951294516,3
27.571868901824004,211.47371785557613,32.58334126879425,1.3940327297279749,33.42437465811252,3
75.02069037353547,444.7402433658987,18.426317186188058,8.87738173088062,27.457725608590742,2
35.26951261967702,226.60029834018593,43.21791249198185,4.552868023331093,51.384199851172184,3
12.188436978830845,417.4697477622097,23.66049533457786,2.026762867025574,-5.173585637702844,1
68.09250663164511,247.61070885659828,48.40967139573608,3.740817573685167,-13.682467024733711,3
25.939961146634403,219.62499324120841,9.276275785156058,4.199884550036377,-0.8391864072369515,0
94.64127259176229,258.2059035513229,43.43115839778054,8.292625166112055,43.566262296015225,0
95.85357193023286,185.62004337386392,38.829842639587085,7.36278236755788,-17.226378661881334,0
92.33779511984037,386.424221079313,38.5460922322026,7.716118447049264,26.62454680667917,0
43.31428302299,276.22417554161564,42.239161405844385,0.20920951784360742,59.63500129530479,0
11.391095487598069,154.4957128160678,38.05119954714994,4.2199245819796385,48.45568750700315,1
93.54867063289528,454.8085579735558,31.31101608157077,4.865307101189703,21.715655123487153,2
48.53657334855829,222.75104961794514,6.562243884119379,0.2900035405482612,-14.908727257068612,1
96.99893371393026,294.59878750129485,1.6263089745625958,2.672150766575839,46.509881150856785,0
96.72579793803276,457.91244993404615,46.04239239078434,7.626869248909136,27.91828065417684,2
86.7708509920624,330.90709816129646,30.832515726036902,1.4573860867170907,-10.805360235234653,1
36.50040028626271,102.60411831876382,39.826864548808814,5.399570301380657,-12.491417214131504,0
44.658795574173276,472.92445562606383,24.076117575627503,2.2304985329706515,52.770145554927396,1
86.60230043651713,332.46862388213805,5.865409448119724,0.21999566897454342,33.536021035046275,0
38.522980464064986,200.70752659568876,6.259289610127522,2.487894430235461,46.34294394534044,0
25.254347201748324,112.67243269852426,34.27826436144857,9.761150173609533,50.31831202258138,3
60.11211362125152,407.3113351716332,21.515294744973133,8.035217407641598,25.741788163865778,0
94.25392967447029,329.0327401678311,10.026236335016836,9.59980877877823,21.3957081404033,1
72.64268170074757,290.0574913893447,24.579727337071844,4.929755034870988,14.434192825679219,2
61.30550530804285,452.2516623729309,3.2104468537567046,1.1863883669072848,5.355727023289543,2
18.74588443936917,404.86874505103884,29.09857009571994,5.52479894083956,14.767676868696938,0
65.35065040292528,118.25369587973803,13.449670221754884,4.598335612143613,41.91037245841251,0
99.10484650938369,190.27493050799671,39.87795503185941,8.459135119122198,28.153874481210522,0
22.60756137128716,161.82011291650957,15.518097946178688,1.0710175497640215,51.401863196387694,1
56.64966871273631,384.77583165770466,22.76100745409006,4.933587256515604,15.470401150335022,1
88.96357647351599,65.08959563110072,0.5810269954050318,1.5854817804704442,28.56716629750032,0
76.6691755978784,306.45035819209244,3.622344389727944,3.314291676211594,30.504604247359097,3
72.73141668957412,393.1064085833107,19.62467782033424,7.399835066139216,27.335772984506043,1
73.22356755883983,444.5445365427872,23.996941735856176,4.812579480750789,36.2107018468413,0
42.35420360977797,203.93678692215835,30.001027405965186,3.8212940229431167,-1.0053225300154978,1
36.4232659838044,419.5657871024058,14.583128935465162,4.0053151578433495,20.98910220366325,1
82.84250399306623,99.78428162984325,34.74909430632713,4.648523007219268,-11.662015775332186,0
82.91020552112627,430.9035312805332,43.00611985946023,7.871663783986863,10.760906211585002,0
88.03650867220934,107.36989804939208,38.99254944466749,8.931638420508321,19.01336548970115,2
92.19164973008242,228.77928075216528,1.9809412674178573,9.55781339638889,32.1779407636378,1
56.020815897484404,408.78291460079913,24.02534736289145,7.890343523927421,56.042484206896276,1
55.136466521847964,117.4628423069482,5.246508920908743,3.2225282679053264,28.052085323868468,1
81.84656610700976,153.16312785468867,12.102250793126373,6.912533590256767,39.48751329412478,0
68.49675376999886,375.01365577687983,49.333129663357326,4.432270928148379,20.50128475961622,0
73.17701895319331,374.01644144573345,7.124777145075662,2.6212391582559067,30.72832251010651,1
81.6213402492491,338.5164347983838,24.944407672567802,8.424628636316633,-14.325422709298126,0
90.10048076358096,362.276800010195,30.907786715905956,0.48042085472701745,0.35132646734776074,0
40.41956411663823,294.22599950641825,35.1232485272052,9.027443722140692,8.948247456411096,2
43.802465737594964,163.30957650812874,27.982434174345705,4.668626899784868,17.799468400521086,3
18.45837458567821,205.56319707676374,0.48854237095918296,6.408294620401976,-16.3481003598093,2
62.045212689655656,131.71897256064153,16.323065412199593,6.627603829837248,-8.798072195734585,2
13.234804641706788,458.80275260013275,25.885582169235573,8.96166563299471,2.1451446233044607,0
51.90382163192142,312.5263076447542,4.393324957241668,6.403029853455353,57.722615272084056,3
58.838017123681894,230.38313754363796,17.53134656045904,6.177942489124612,6.507760568244059,0
35.7887126915456,257.90261163985974,1.6601554395683282,0.7598552015508306,18.5632846489666,3
63.174993451210966,476.2775028253169,3.928924857751037,5.23223941725752,-4.312182980928565,3
12.745022494514448,119.00813140223609,19.846163810079805,1.5866731080887124,28.862405686061464,2
13.361336987429297,313.80342440755874,6.635787702153017,7.400594310342707,2.4546572412779426,3
84.03405045936924,277.64990549800973,28.37704241307791,5.170997016045477,-3.440593724925858,1
42.41715772701366,325.1544059455915,34.47324845686329,6.834255014162697,21.32581027567832,0
21.435446138669633,58.14958271937823,40.029334955454146,0.5125617159636042,-19.559536067166334,1
57.001893404932396,442.45575902486814,10.007512212240504,0.9394409588534519,-19.386877388061976,1
79.29941977887498,469.4532271176256,8.374129112953488,7.191601541820554,-2.474495271851378,0
29.423892474715885,304.309932615144,5.228392016720012,0.8136349263868663,-17.06229099993431,1
66.06014282371002,363.49287074460153,31.821512477181834,0.8054416048760601,-11.35793966954469,3
17.68127184943912,465.1247215297831,35.32378632434506,0.21987390482538577,7.108851947100128,0
14.651354905174692,368.2573854410294,1.5793072412821019,9.569363843164853,44.20685436638503,2
57.82191684113332,118.6425693114176,46.81061231218449,7.401332758644169,25.763891469544063,3
58.657160944909585,309.3297620750659,2.5985641825736208,3.597188944170435,21.01341807651331,3
67.3686911348386,323.0217708722852,27.06481676505352,3.035702254747787,3.4791058566497313,3
75.34822003503955,240.8588020860737,35.453025972545824,3.562061974483911,54.54029755462531,1
97.82668715162812,381.3999060311253,43.54845618730428,7.7690699586937,11.761203298975332,3
56.46703134710758,470.4651566460567,35.70434660662139,6.647569049597102,-13.03257865633828,2
39.06608256471213,466.5058308080493,40.08640415348959,1.9334361218879328,29.365321289424102,0
81.56675752918333,252.87771713185944,16.972509627140305,1.8236824198074353,-10.892928521871887,1
34.374902613586684,100.95712062833987,40.74125568732561,1.0741169321626336,7.617851424135367,2
49.507427863507246,493.1785395330506,4.005742319233757,6.636996925043247,20.592955097424706,0
17.061074320803936,427.50413890067034,44.74083280302638,7.667289355995186,49.937801974814064,1
12.281566907391177,106.09820654147008,27.37961880768681,2.72395964041754,19.48372642720949,1
96.63835732101326,464.37884717781753,40.864888498124685,0.30735511420603684,36.18070128253314,0
85.23821084609853,441.4533629279577,22.615914225915006,0.9134995080166307,59.42534711992563,1
72.63767854843282,283.47712570673247,32.178884759826246,9.681814344965801,-9.48087040816147,2
46.80576499728429,316.07394608521815,26.320133046805662,3.024903297026461,1.9785220415615612,1
25.596488806376122,229.55121674155862,36.579476087766594,7.715309163597523,11.566086047811712,0
24.079333840397744,74.6427374699141,4.081499101529479,6.284169331657211,13.74625428310651,0
32.52186083481358,200.8387587406554,3.01760419952819,3.88120243256367,12.88168602124366,0
59.43039982355084,411.28405186910516,12.355161700507322,2.136303895735996,52.6088802045244,3
74.31363304300561,52.08441035207129,7.977234005659417,1.3017255397781238,37.12261155734851,0
69.41776390459582,200.07462726101488,43.589178329610085,6.1886283835847795,28.632417127256304,1
35.19405072513486,229.1759121159245,10.960699367902215,7.768874428314101,4.749817429022567,0
95.93787525968747,291.8280213220653,48.79326279095657,6.474652110057193,45.90323073770358,0
76.41072250261917,463.9350273857422,16.844789588555344,5.349991119166667,56.40484091879911,2
59.891864726026064,205.85569746468255,9.105895784434964,0.5153171119731991,45.69586260401812,2
65.05486716109169,206.12894085330245,39.484925357123956,9.6880388981844,-19.874791584682168,0
47.764005618501095,381.8755616493868,32.935388775043805,8.007270497380288,30.91210961467256,1
32.29578905510417,253.49807340041323,24.90978582265695,2.998938163339551,-15.909169484631942,0
42.03754107861354,151.0721703229919,27.76817754688156,9.80170626065262,0.6085776266977483,1
78.20614994179321,253.59778225971203,35.96008891361319,6.058627737399589,-15.238023972178265,1
11.295413976678027,113.38565917090995,11.422737066564936,5.86598431625174,28.303636235951018,0
20.446537645622463,129.3741439278005,49.816695802837096,7.505924476352368,34.92719307940854,0
14.140237781957747,274.2654977327659,48.73965810733915,8.136520902092363,-10.84098895472759,0
13.665592208707313,238.51645227704657,32.516284317346845,6.5991382125818765,10.707110643598359,3
86.99145256099065,461.68065548064504,9.977122546457256,1.3681478890253804,16.498920716443365,3
73.32920734420213,213.0772546024849,34.01141212156457,3.4488483093455344,9.524241740873329,0
52.67564461785927,311.26475762511956,3.609920448958792,9.288028039227893,-10.317999961184556,2
18.805074458590134,334.5189295637887,1.5326251102903032,2.323694557254134,13.515823214998036,0
54.24542876051491,55.89250546475014,12.884144425560685,3.784453535991382,40.09424382467345,0
52.61245937025091,348.5918174075198,23.131147836965816,4.37756114114754,-14.319386837339563,2
25.58816829190137,130.11618509138816,43.413625270419026,4.450109397975076,-13.585598873447724,3
49.04664843141757,482.48164286125484,36.3584534883154,6.168101866695802,8.381703346878737,3
45.86542609576361,116.89822748890083,37.13532605999905,9.436450793672606,55.33805692951401,1
65.42650882469948,236.58085567716068,21.27466672240377,2.4828578471417995,33.485811737833124,0
67.15842857808795,88.40735063538973,17.296749627348145,1.3028636253790888,34.293596533805186,2
14.077360879484006,498.5934133306763,18.551938149230136,2.0549578496133796,8.953599267029198,0
43.71513531638241,275.9877546490592,49.38247818680289,8.880556512071768,27.492863296683076,1
66.32739241428128,317.9232577940197,2.005459570624124,6.493527045286539,-19.18950527778053,0
55.28226327220789,80.18441482479237,43.35157480612243,2.9304772134676855,30.887683712763376,1
87.08408570694901,387.48221167963,28.93377042861967,8.177874695789312,53.06295580609894,0
69.28242684570506,144.45751689301358,21.930770959479524,8.627562963998017,29.005877467585535,0
24.664098437328672,454.1244302483212,36.262883020756824,8.480491953033752,49.89588747730761,3
16.351187266038686,142.31283821690323,24.333447071235142,9.197372683031588,37.917844437287506,0
67.8177350385684,135.80947429864995,43.67116190408303,2.59718609971628,-10.35532668770478,1
12.386017948745963,66.4473505316427,45.035093200562926,7.574915094588155,52.19626458286734,0
62.7198023146117,262.43012529949965,21.08604634367277,4.659341023013986,-14.68449245153801,0
94.62072172824618,304.1785099681774,13.841389861752578,8.435785673611608,22.7173978038211,0
61.792676008829105,79.56888774275856,29.61751642966811,7.312057703899971,-8.629030096523387,0
44.935293358586975,398.9874275127548,45.61816728083455,7.786829720347273,-19.063471141527675,2
67.89593965981179,253.97997563661244,10.533109450283328,6.596002193042608,13.76274081021112,0
51.2427601442365,285.975621197411,31.148329178174137,1.8565448177500983,3.603256612332501,3
59.105511038434145,248.34323612220265,31.578011004626028,5.495766497079689,18.88003950380824,1
94.73183278988726,230.3433773938967,36.65565112076405,9.848230421292632,26.175990938764066,1
44.74923740206968,301.83814908869806,6.57838425636299,9.380141858321478,-16.500874215284213,1
96.50715074415228,119.85811066882063,35.79124823410443,0.5274199843904156,-10.159736390100349,1
91.48155777604573,131.86765872287202,45.45162603328205,1.7316666757214276,24.691391716034026,2
27.62120213103668,437.8035294560828,8.984155443512098,1.404114857200163,7.453388253812658,0
16.24251707876489,475.75195796013475,11.877166246193882,7.2872011088544255,38.33387900395584,0
19.070020123968398,217.98919232588884,48.56975470208198,8.196074765583756,32.18333188735517,2
11.639964308639476,171.8351029145992,9.048847635474488,2.213762526475652,47.64834903919254,3
18.499866468033556,339.7997944575571,42.71925466847895,5.107941660223107,35.39942613353802,2
71.47060960747211,233.9303769941434,24.613892822401738,8.42295997731088,14.394486191211854,1
16.40697836142061,61.42386004715519,12.361553720158852,7.354735293185881,33.837329791554595,2
38.70780672643852,120.26866881478566,43.53749506362557,5.468148334369298,2.0304939404334803,1
86.03877798725091,372.18750298132886,22.265262750133274,5.944442135541851,4.505079902257016,1
12.094474216224327,346.5157738595681,25.74086769648451,5.132769414471172,43.118812793663466,0
83.30216343300422,62.19319662656757,17.961668469988286,3.0457296680563237,15.713561312126572,1
35.36692972960599,149.88747286982726,29.64754257174637,5.693717729304259,43.8704272414682,0
20.634834485949064,153.98365846463213,8.176193629251138,6.919964490295897,45.793789893462275,0
72.70634488277355,352.35173461942776,19.554076832588034,8.745896867021996,48.6049870129027,2
66.60485621018955,58.86974198946387,48.470616116764376,6.399284404394556,53.330818867296585,0
88.97248121743476,96.84886189305823,12.906671635056377,7.635103216727264,14.4788176410637,0
76.15639394234972,409.9622384179352,32.83683322706461,1.6847091860502728,5.509345465691105,0
82.31328373463637,130.34509792445013,16.259503211234744,4.66941899675592,26.575899727529105,3
35.38311153141758,343.7357485333436,38.67365628433003,0.19238303628822362,9.693793875010208,1
25.969558940175055,157.18225147102692,6.543683035917491,2.542120758764068,28.085933344018635,1
77.55532764767725,94.74862674170532,48.491052253927236,7.291970979618748,36.44686901150597,2
82.61512653405376,159.42748594975433,22.68947706918196,9.918918518358698,35.07240147937095,2
99.1454627800606,375.0201193350466,11.802523167323198,1.0818631859134376,9.964230961609708,0
47.135590922028385,435.06341064782856,3.6748373665006326,4.074793727026754,-6.6511838640997745,1
43.481627721350485,423.5989390551462,8.487895254377037,8.02070259012168,14.442347076976603,2
79.87716646677971,228.73258832830467,25.988697427800883,2.1199527828260987,-8.592468473447301,1
40.672318622771606,350.6383114567908,16.850158821564314,5.595340998092634,51.207762814704665,0
93.76815930432082,142.24293293711943,41.44416829413047,7.35740583069378,7.670196859028593,2
87.25714766587106,181.91647861745597,21.544376183090296,6.198255957575772,-7.643220222134097,1
48.609462463751655,453.3511183345039,12.435713629381496,1.96144487269262,-17.964179207539928,0
77.57839610123476,55.850865579831215,30.8572493302015,3.6183072299888206,31.665790902918744,1
77.90885866762142,88.47883888451064,35.33886084427229,7.859538666405433,30.952185396379463,0
19.281148195233936,143.5488148157123,8.352095395047494,5.586842489906965,7.248333326503335,0
91.229761601161,61.93949174321887,8.380960814415882,0.1517731740748361,-14.26304889218792,2
55.472713520307146,131.6459457904088,1.8335713466771486,7.633808524278129,12.770311591618565,0
84.38117194969675,312.3687024363615,36.82010075328203,0.44958241390836684,4.8973996050714845,1
38.804464092755055,239.64104776662407,33.190226381090255,7.482764449039198,34.16965117880075,1
90.59709056465805,451.7022699846387,23.731543787490693,2.1045575456358505,28.46233995621523,0
45.02815108607468,417.8496027822984,42.20852244845986,9.584927453181864,9.1674982558032,3
10.975388633226853,203.81780826404417,40.28350764750266,3.7426134378906366,-2.568595659600792,0
91.48437787773373,166.7405450440816,29.267718219837608,3.3366230017469833,59.04287729244734,0
18.21580091075202,220.8615836752701,43.41356402566293,1.5739916982912023,16.32012969568919,0
38.73822738313734,315.6327241316635,10.292060501838412,3.1254817333531277,35.06193886241896,0
95.50557703457244,170.6286383702943,5.595980969886394,8.778842542099186,-8.755762593731138,0
95.55464322438004,330.86700853211033,13.487480575849482,9.963709942509748,18.847175972751828,2
61.60940993109575,234.23524348605818,2.854342804465743,3.746264352017799,-17.797062410442763,3
66.86534909528194,298.4212313833911,26.5584764000516,4.5412452464499715,20.436409432835994,0
50.36009697804878,246.25693811089252,46.830284614748074,7.248502288207097,57.12139256941619,1
36.388969452825805,182.50959179386294,1.9671770334254823,8.873338226604238,10.736537038864018,2
39.57980908329243,476.8039881329705,6.10549570050134,5.971138908449163,-16.880318994007073,2
70.52666104693346,393.62260737189234,22.609951414171764,3.976104411960511,-17.52353672645252,1
77.7137076493912,113.05092909490364,46.69375087639524,4.1849562244013745,11.03894079574956,0
81.24211393532637,440.8105891540608,15.807805248837525,6.986619650318388,-7.198005082944476,0
81.06563285150985,269.34403921228113,25.361740434419623,0.13186080968235897,-18.131832293745127,2
18.208549274382133,452.54850210234116,2.078642952519605,6.233934440852423,40.497089116014145,2
54.49782742323233,409.93486517629185,7.417160048104443,3.6193808033694386,16.681840710551256,0
15.180288401497986,241.34607701115505,49.33150614794234,7.962553579643134,3.139581757812362,0
59.4575994091362,60.111188744052825,48.25593482180228,1.0206073342490085,52.00665464131846,3
49.73774512360393,170.90481172322575,0.24699904672048079,5.923202442789066,-10.708883183957951,2
89.89337644824698,293.73539659739015,47.590589271161946,4.861631609872625,56.47350631642554,3
41.58235112968708,335.0651989217663,31.95599689077502,6.459022706461751,5.117337390188226,2
20.536031478484528,166.04945844494102,43.39591472600111,0.7420505853813867,51.072293784694494,0
22.869251384755227,112.71023333277085,22.736992781692955,5.841839495538499,28.235430118356923,1
78.5359568545725,425.7186065596846,25.77980142896251,5.658697420799284,46.136588779319,1
65.6396256984635,492.98098131659845,24.44232901284601,5.650534934720092,58.72105305683715,0
19.101040851051124,286.56058203620864,33.34321287730522,6.074527899304902,3.072435025499658,1
17.569612550349767,127.25567863173657,6.982562737815645,6.7970325785409855,56.89083883260744,2
73.08722183132079,172.53829693371603,1.4986794936338976,8.06939109683962,11.158551592193628,0
16.548670572777418,58.27580444636003,15.396497079559545,2.771225129269322,10.840952378953787,2
83.96740533613206,461.4344629522246,35.23403813683233,8.267989160782614,7.230968340360455,1
73.56180044408467,102.9879873005635,10.092672606147419,5.032731254408191,23.312608587806814,3
17.32139025777098,309.43241398141413,33.67162166624587,0.8628769634298785,-7.668396545721032,0
17.635394267667273,173.3248493092427,48.49560230536352,0.6796541995153941,24.296918828640898,0
98.7975620651058,299.38010113210703,4.69503578947092,3.4089593550910022,23.33638499280032,1
43.68437161805083,343.1391747583389,33.630105911256315,7.870480073403528,40.9521450083896,0
43.357793236020186,423.38381166824075,22.187510965228558,7.106041253935066,46.69199695500684,2
83.15196105317523,142.88957229227145,43.40711271887527,7.907288150256823,15.235308024993927,2
95.25237196454728,54.948122896316214,8.857489472369295,5.220963658771932,4.186659948119498,0
98.74009574405838,111.59853353096327,34.63129761130823,4.457970079759356,0.7467917853675559,1
77.80403667330475,455.00838883164727,41.90576448240551,1.5597800143922111,-4.430093063610245,1
43.86336269778242,443.25053490313184,47.230710973701164,3.3491082607321845,-15.38819342407801,0
17.51506450288019,318.8358959766387,34.16240141448229,4.396791725121365,7.395838306777065,3
79.94322243346932,320.232587195144,24.858738200421364,0.9771442538282106,1.6198153704626606,2
60.256382476222456,349.26650354581494,30.892362010060694,2.2840583318409915,57.313390869312585,1
48.17998083222786,128.91707538055232,43.44524922393591,6.0224304112310145,24.616706100003512,2
91.57189465852623,461.4853756662319,28.530487331941483,7.383064830967979,7.782163122440604,1
20.00777340755362,238.4467362014329,1.519352984841843,9.9836403627902,26.437408079495683,3
54.336259386177325,222.41233771227385,46.54743477534889,9.337821980301221,-8.86426389234436,1
11.021828029067716,283.5129673772769,34.476337551578055,6.461395475398396,15.523499936176236,2
52.17945777947136,71.13468504877477,33.82566928886233,4.270355727611313,30.098745713685105,2
15.067294811365361,124.82751594023573,10.783757619885858,6.398155910611504,19.111826543396113,0
20.693612464126474,382.1151273918667,32.94427351163286,7.877951018994296,12.142304052345942,2
20.577362209939437,87.25940056630691,19.693220282707923,1.2715282901415346,59.50787111197586,0
68.42892719044572,321.4184492598747,32.561648852074605,4.158058407993253,50.42518097191416,0
77.1440391338881,160.40709935659441,5.3296515153995365,8.414042627792611,29.87247665275521,0
62.503188858744366,225.18302631888943,32.8922652301518,3.899946224137136,25.550188894582618,3
96.59552936270877,179.91218154681494,49.97068628853333,5.761535485149147,29.652838385966724,2
43.73835215713336,210.0527224092271,2.4106019430278014,5.9189166725357625,-3.895031374205338,2
35.714087765367466,373.57065733291046,48.858709211065865,1.9263149060230298,11.611019461145489,2
88.17392153705143,183.70477203042876,20.345398036143532,3.6861308723576554,-16.843237368728055,1
30.123625466750738,304.8820881336037,43.537672516862955,3.4116617585451285,18.04368299894613,3
96.69002854965501,264.22268098959483,39.11927420291367,0.35934741446744145,23.441966716613052,1
11.09390272208347,348.65202441319167,28.35081304933339,0.33949846252441696,-1.7800211117432312,0
97.28909440368751,471.5733826961411,36.92246046256633,8.333800732390158,57.122307773241104,0
13.884392075551851,379.65744374461264,43.9257780650674,2.803401018730843,52.75636887497936,2
90.2028802328264,146.72317036584053,20.20701608255165,5.228979785764273,37.77145883647247,2
57.49309981776699,64.03241077757811,16.351658078161936,3.057383178528853,22.670930301229006,0
99.36683165073703,168.01881993492128,33.379669278179236,9.41272452664187,49.5975327718148,0
16.641690826185897,317.7850688151147,40.39229709706293,2.66703791277116,-9.547812494122967,2
59.846885596118874,73.14161606791265,38.11425673883079,4.353602446115457,43.2407835419908,0
97.2372282057189,273.3648112405564,39.89068244293173,8.740029479797558,-10.014334882652136,2
57.078805975313394,318.5792820126001,21.77916574064665,8.435142311238906,43.53685300395243,3
66.64587743217362,200.40975086763237,40.89171080875108,1.9424040366781457,2.0614054601085563,1
72.61738200861555,396.9104916856199,6.010452768530422,8.046168766977534,50.16724648145511,0
50.90869582909959,97.96921391019731,27.224454898042477,4.636050178705137,55.52336750603183,2
66.48022720756572,83.81200178111393,0.2879330249060785,4.881391833645017,-8.09632244759075,2
62.58828807307902,377.6849402916215,16.229291495013516,1.4214517269178435,17.014048405231478,1
91.10422094418901,272.9710922927893,18.323076743569892,0.897954986195534,58.478990253014814,3
14.090174230731208,359.7810783924812,19.80863458046277,7.306599139040276,18.67259487785173,0
35.28668706330073,245.67230237168582,34.773360334493105,5.014965408317467,49.08380180116362,1
95.53703356689029,160.88091495759807,19.427905063517287,4.424821955890278,27.098521770505585,2
90.12374055018248,418.5960429533899,22.43468113112653,7.322131463658727,10.02639263356815,2
51.009107750714165,409.73714553604066,11.877206543716373,7.678577700011987,2.8626844420696145,0
65.8119338021383,362.61341188449205,18.662589581467003,1.6731908599266003,-3.7421527131130183,2
34.96430646830194,172.4653117534832,11.363481363157574,6.141228979828648,40.94385531021578,1
26.930904375138518,315.60380009108917,3.659796188422182,1.4400054145490868,10.92324054584223,0
51.7328564445984,212.43825362301206,30.172429669068894,7.538613351687552,20.90203697606009,0
41.80170052234475,91.21193299698537,33.410639927750815,6.603856047044681,19.386038400094556,2
62.529050066578485,462.79110895800926,30.974517300480723,9.570484748726233,26.1823223386505,0
16.996117326848633,111.56838391353263,23.17470219002862,0.7826843619285697,49.24617164996418,0
97.69553268995499,477.6068092193611,18.989289008961492,0.6648417393974178,58.459147486674354,0
98.75896700316426,250.70259783108008,43.16668247859126,2.8936520394626815,12.606736685905354,2
